{
    "distance": {
        "min": -18543.19921875,
        "range": 98421.59375
    },
    "velocity": {
        "min": [
            2.655970335006714
        ],
        "range": [
            22.299211502075195
        ]
    },
    "ti": {
        "min": [
            0.030434273183345795
        ],
        "range": [
            0.21918028593063354
        ]
    },
    "ct": {
        "min": null,
        "range": null
    },
    "scaling_type": "min_max",
    "scaling_method": "run4"
}
